"0","# Clumsy way to sort somples by batches from which they come from"
"0","ettiquetted_edf <- arrange(data.frame(phenotypes, t(expression_data)), batch)"
"0","expression_data <- t(as.matrix(arrange(data.frame(t(expression_data)), phenotypes$batch)))"
"0","expression_data[1,]"
"1","GSM71037.CEL "
"1","GSM71039.CEL "
"1","GSM71041.CEL "
"1","GSM71047.CEL "
"1","GSM71048.CEL "
"1","GSM71050.CEL "
"1","GSM71051.CEL "
"1","
"
"1","    3.329732 "
"1","    3.221615 "
"1","    3.363534 "
"1","    3.227783 "
"1","    3.369852 "
"1","    3.344546 "
"1","    3.185236 "
"1","
"
"1","GSM71052.CEL "
"1","GSM71054.CEL "
"1","GSM71060.CEL "
"1","GSM71066.CEL "
"1","GSM71020.CEL "
"1","GSM71021.CEL "
"1","GSM71025.CEL "
"1","
"
"1","    3.215314 "
"1","    3.309036 "
"1","    3.340781 "
"1","    3.363495 "
"1","    3.109034 "
"1","    3.134095 "
"1","    3.187140 "
"1","
"
"1","GSM71026.CEL "
"1","GSM71029.CEL "
"1","GSM71031.CEL "
"1","GSM71033.CEL "
"1","GSM71036.CEL "
"1","GSM71040.CEL "
"1","GSM71042.CEL "
"1","
"
"1","    3.126909 "
"1","    3.346049 "
"1","    3.349686 "
"1","    3.266322 "
"1","    3.411365 "
"1","    3.349954 "
"1","    3.367420 "
"1","
"
"1","GSM71044.CEL "
"1","GSM71045.CEL "
"1","GSM71049.CEL "
"1","GSM71055.CEL "
"1","GSM71056.CEL "
"1","GSM71058.CEL "
"1","GSM71059.CEL "
"1","
"
"1","    3.267263 "
"1","    3.391411 "
"1","    3.293280 "
"1","    3.393006 "
"1","    3.380965 "
"1","    3.309156 "
"1","    3.398594 "
"1","
"
"1","GSM71064.CEL "
"1","GSM71019.CEL "
"1","GSM71022.CEL "
"1","GSM71023.CEL "
"1","GSM71024.CEL "
"1","GSM71069.CEL "
"1","GSM71070.CEL "
"1","
"
"1","    3.321140 "
"1","    3.338449 "
"1","    3.209230 "
"1","    3.358515 "
"1","    3.325262 "
"1","    3.323230 "
"1","    3.309300 "
"1","
"
"1","GSM71075.CEL "
"1","GSM71076.CEL "
"1","GSM71077.CEL "
"1","GSM71028.CEL "
"1","GSM71030.CEL "
"1","GSM71032.CEL "
"1","GSM71034.CEL "
"1","
"
"1","    3.248161 "
"1","    3.254105 "
"1","    3.176186 "
"1","    3.293263 "
"1","    3.073975 "
"1","    3.348261 "
"1","    3.368876 "
"1","
"
"1","GSM71035.CEL "
"1","GSM71038.CEL "
"1","GSM71043.CEL "
"1","GSM71046.CEL "
"1","GSM71053.CEL "
"1","GSM71061.CEL "
"1","GSM71062.CEL "
"1","
"
"1","    3.167771 "
"1","    3.288066 "
"1","    3.220811 "
"1","    3.438364 "
"1","    3.268539 "
"1","    3.279898 "
"1","    3.378778 "
"1","
"
"1","GSM71063.CEL "
"1","GSM71065.CEL "
"1","GSM71067.CEL "
"1","GSM71068.CEL "
"1","GSM71071.CEL "
"1","GSM71072.CEL "
"1","GSM71073.CEL "
"1","
"
"1","    3.131505 "
"1","    3.291425 "
"1","    3.409690 "
"1","    3.403662 "
"1","    3.185360 "
"1","    3.171836 "
"1","    3.069713 "
"1","
"
"1","GSM71074.CEL "
"1","
"
"1","    3.154367 "
"1","
"
